"Input Name","Standardized.name","Formula","Exact.mass","Super.class","Main.class","Sub.class","PubChem_CID","ChEBI_ID","HMDB_ID","LM_ID","KEGG_ID","confidence"
"BA 24:1;O2;T","-","-","-","-","-","-","-","-","-","-","-","L1"
"BA 24:1;O3;G","-","-","-","-","-","-","-","-","-","-","-","L1"
"BA 24:1;O3;T","-","-","-","-","-","-","-","-","-","-","-","L1"
"BA 24:1;O4;T","-","-","-","-","-","-","-","-","-","-","-","L1"
"CAR 16:0","CAR 16:0","C23H45NO4","399.3349","Fatty Acyls","Fatty esters","Acyl carnitines","11953816","17490","HMDB0000222","LMFA07070004","C02990","L1"
"CE 16:0","CE 16:0","C43H76O2","624.5845","Sterol Lipids","Sterol esters","Chol. esters","246520","3663","HMDB0000885","LMST01020005","C11251","L1"
"CE 16:1","CE 16:1","C43H74O2","622.5689","Sterol Lipids","Sterol esters","Chol. esters","-","-","-","-","-","L1"
"CE 17:1","CE 17:1","C44H76O2","636.5845","Sterol Lipids","Sterol esters","Chol. esters","-","-","-","-","-","L1"
"CE 18:1","CE 18:1","C45H78O2","650.6002","Sterol Lipids","Sterol esters","Chol. esters","-","-","-","-","-","L1"
"CE 18:2","CE 18:2","C45H76O2","648.5845","Sterol Lipids","Sterol esters","Chol. esters","-","-","-","-","-","L1"
"CE 18:3","CE 18:3","C45H74O2","646.5689","Sterol Lipids","Sterol esters","Chol. esters","-","-","-","-","-","L1"
"CE 18:4","CE 18:4","C45H72O2","644.5532","Sterol Lipids","Sterol esters","Chol. esters","-","-","-","-","-","L1"
"CE 20:1","CE 20:1","C47H82O2","678.6315","Sterol Lipids","Sterol esters","Chol. esters","-","-","-","-","-","L1"
"CE 20:2","CE 20:2","C47H80O2","676.6158","Sterol Lipids","Sterol esters","Chol. esters","-","-","-","-","-","L1"
"CE 20:3","CE 20:3","C47H78O2","674.6002","Sterol Lipids","Sterol esters","Chol. esters","-","-","-","-","-","L1"
"CE 20:4","CE 20:4","C47H76O2","672.5845","Sterol Lipids","Sterol esters","Chol. esters","-","-","-","-","-","L1"
"CE 20:5","CE 20:5","C47H74O2","670.5689","Sterol Lipids","Sterol esters","Chol. esters","-","-","-","-","-","L1"
"CE 21:4","CE 21:4","C48H78O2","686.6002","Sterol Lipids","Sterol esters","Chol. esters","-","-","-","-","-","L1"
"CE 22:4","CE 22:4","C49H80O2","700.6158","Sterol Lipids","Sterol esters","Chol. esters","-","-","-","-","-","L1"
"CE 22:5","CE 22:5","C49H78O2","698.6002","Sterol Lipids","Sterol esters","Chol. esters","-","-","-","-","-","L1"
"CE 22:6","CE 22:6","C49H76O2","696.5845","Sterol Lipids","Sterol esters","Chol. esters","-","-","-","-","-","L1"
"CL 71:3|CL 17:0_17:0_17:0_20:3","-","-","-","-","-","-","-","-","-","-","-","L1"
"CL 80:2|CL 18:0_28:0_16:1_18:1","-","-","-","-","-","-","-","-","-","-","-","L1"
"CL 80:3|CL 26:0_18:1_18:1_18:1","-","-","-","-","-","-","-","-","-","-","-","L1"
"CL 80:4|CL 18:0_26:0_18:2_18:2","-","-","-","-","-","-","-","-","-","-","-","L1"
"CL 80:5|CL 26:0_18:1_18:2_18:2","-","-","-","-","-","-","-","-","-","-","-","L1"
"CL 84:9|CL 26:0_18:1_20:4_20:4","CL 18:1_20:4_20:4_26:0","C93H164O17P2","1615.1444","Glycerophospholipids","Cardiolipins","CL","-","-","-","-","-","L1"
"Cer 34:1;O2|Cer 18:1;O2/16:0","Cer 18:1;O2/16:0","C34H67NO3","537.5121","Sphingolipids","Ceramides","Cer","5283564","72959","HMDB0004949","LMSP02010004","-","L1"
"Cer 38:1;O2|Cer 18:1;O2/20:0","Cer 18:1;O2/20:0","C38H75NO3","593.5747","Sphingolipids","Ceramides","Cer","5283566","72962","HMDB0004951","LMSP02010007","-","L1"
"Cer 40:0;O2|Cer 18:0;O2/22:0","Cer 18:0;O2/22:0","C40H81NO3","623.6216","Sphingolipids","Ceramides","DHCer","5283575","67021","HMDB0011765","LMSP02020010","-","L1"
"Cer 40:1;O2|Cer 18:1;O2/22:0","Cer 18:1;O2/22:0","C40H79NO3","621.606","Sphingolipids","Ceramides","Cer","5283567","72966","HMDB0004952","LMSP02010008","-","L1"
"Cer 40:2;O2|Cer 18:2;O2/22:0","Cer 18:2;O2/22:0","C40H77NO3","619.5903","Sphingolipids","Ceramides","Cer","52931123","134550","-","LMSP02010029","-","L1"
"Cer 41:1;O2|Cer 18:1;O2/23:0","Cer 18:1;O2/23:0","C41H81NO3","635.6216","Sphingolipids","Ceramides","Cer","52931115","84372","HMDB0000950","LMSP02010021","-","L1"
"Cer 41:3;O2|Cer 24:3;O2/17:0","-","-","-","-","-","-","-","-","-","-","-","L1"
"Cer 42:0;O2|Cer 18:0;O2/24:0","Cer 18:0;O2/24:0","C42H85NO3","651.6529","Sphingolipids","Ceramides","DHCer","5283577","52961","HMDB0011768","LMSP02020012","-","L1"
"Cer 42:1;O2|Cer 18:0;O2/24:1","Cer 18:0;O2/24:1","C42H83NO3","649.6373","Sphingolipids","Ceramides","DHCer","-","-","-","-","-","L1"
"Cer 42:1;O2|Cer 18:1;O2/24:0","Cer 18:1;O2/24:0","C42H83NO3","649.6373","Sphingolipids","Ceramides","Cer","5283571","72965","HMDB0004956","LMSP02010012","-","L1"
"Cer 42:2;O2|Cer 18:1;O2/24:1","Cer 18:1;O2/24:1","C42H81NO3","647.6216","Sphingolipids","Ceramides","Cer","-","-","-","-","-","L1"
"Cer 42:3;O2|Cer 18:2;O2/24:1","Cer 18:2;O2/24:1","C42H79NO3","645.606","Sphingolipids","Ceramides","Cer","-","-","-","-","-","L1"
"Cer 43:1;O2|Cer 19:1;O2/24:0","Cer 19:1;O2/24:0","C43H85NO3","663.6529","Sphingolipids","Ceramides","Cer","134745021","-","-","LMSP02019BVD","-","L1"
"Cer 48:7;O3","Cer 48:7;O3","C48H83NO4","737.6322","Sphingolipids","Ceramides","Cer","-","-","-","-","-","L1"
"CoQ10","Coenzyme Q10","C59H90O4","862.6839","Prenol Lipids","Quinones and hydroquinones","Ubiquinones","5281915","46245","HMDB0001072","LMPR02010001","C11378","L1"
"DG 32:1|DG 14:0_18:1","DG 14:0_18:1","C35H66O5","566.491","Glycerolipids","Diradylglycerols","DAG","-","-","-","-","-","L1"
"DG 32:2|DG 14:0_18:2","DG 14:0_18:2","C35H64O5","564.4754","Glycerolipids","Diradylglycerols","DAG","-","-","-","-","-","L1"
"DG 34:1","DG 34:1","C37H70O5","594.5223","Glycerolipids","Diradylglycerols","DAG","-","-","-","-","-","L1"
"DG 34:1|DG 16:0_18:1","DG 16:0_18:1","C37H70O5","594.5223","Glycerolipids","Diradylglycerols","DAG","-","-","-","-","-","L1"
"DG 34:2","DG 34:2","C37H68O5","592.5067","Glycerolipids","Diradylglycerols","DAG","-","-","-","-","-","L1"
"DG 34:2|DG 16:0_18:2","DG 16:0_18:2","C37H68O5","592.5067","Glycerolipids","Diradylglycerols","DAG","-","-","-","-","-","L1"
"DG 34:3|DG 16:1_18:2","DG 16:1_18:2","C37H66O5","590.491","Glycerolipids","Diradylglycerols","DAG","-","-","-","-","-","L1"
"DG 36:1|DG 18:0_18:1","DG 18:0_18:1","C39H74O5","622.5536","Glycerolipids","Diradylglycerols","DAG","-","-","-","-","-","L1"
"DG 36:2","DG 36:2","C39H72O5","620.538","Glycerolipids","Diradylglycerols","DAG","-","-","-","-","-","L1"
"DG 36:2|DG 18:1_18:1","DG 18:1_18:1","C39H72O5","620.538","Glycerolipids","Diradylglycerols","DAG","-","-","-","-","-","L1"
"DG 38:1","DG 38:1","C41H78O5","650.5849","Glycerolipids","Diradylglycerols","DAG","-","-","-","-","-","L1"
"DG 38:2","DG 38:2","C41H76O5","648.5693","Glycerolipids","Diradylglycerols","DAG","-","-","-","-","-","L1"
"DG 38:3","DG 38:3","C41H74O5","646.5536","Glycerolipids","Diradylglycerols","DAG","-","-","-","-","-","L1"
"DG 38:3|DG 18:1_20:2","DG 18:1_20:2","C41H74O5","646.5536","Glycerolipids","Diradylglycerols","DAG","-","-","-","-","-","L1"
"DG 38:5|DG 18:1_20:4","DG 18:1_20:4","C41H70O5","642.5223","Glycerolipids","Diradylglycerols","DAG","-","-","-","-","-","L1"
"DG 38:6|DG 18:2_20:4","DG 18:2_20:4","C41H68O5","640.5067","Glycerolipids","Diradylglycerols","DAG","-","-","-","-","-","L1"
"DG 38:7|DG 18:2_20:5","DG 18:2_20:5","C41H66O5","638.491","Glycerolipids","Diradylglycerols","DAG","-","-","-","-","-","L1"
"DG 40:3","DG 40:3","C43H78O5","674.5849","Glycerolipids","Diradylglycerols","DAG","-","-","-","-","-","L1"
"DG 40:4","DG 40:4","C43H76O5","672.5693","Glycerolipids","Diradylglycerols","DAG","-","-","-","-","-","L1"
"DG 44:9","DG 44:9","C47H74O5","718.5536","Glycerolipids","Diradylglycerols","DAG","-","-","-","-","-","L1"
"DG 47:8","-","-","-","-","-","-","-","-","-","-","-","L1"
"DMPE 34:2|DMPE 16:0_18:2","-","-","-","-","-","-","-","-","-","-","-","L1"
"DMPE 42:9","PE-NMe2 42:9","C49H80NO8P","841.5622","Glycerophospholipids","Glycerophosphoethanolamines","PE-NMe2","-","-","-","-","-","L1"
"Dioctyl phthalate (also known as the production of plastic)","-","-","-","-","-","-","-","-","-","-","-","L1"
"FA 24:0","Lignoceric acid","C24H48O2","368.3654","Fatty Acyls","Fatty acids","Saturated FA","11197","28866","HMDB0002003","LMFA01010024","C08320","L1"
"FA 24:1","Tetracosenoic acid","C24H46O2","366.3498","Fatty Acyls","Fatty acids","Unsaturated FA","-","-","-","-","-","L1"
"FA 42:5","FA 42:5","C42H74O2","610.5689","Fatty Acyls","Fatty acids","Unsaturated FA","-","-","-","-","-","L1"
"FA 44:5","FA 44:5","C44H78O2","638.6002","Fatty Acyls","Fatty acids","Unsaturated FA","-","-","-","-","-","L1"
"Hex2Cer 34:1;O2","Hex2Cer 34:1;O2","C46H87NO13","861.6177","Sphingolipids","Glycosphingolipids","Hex2Cer","-","-","-","-","-","L1"
"Hex2Cer 34:1;O2|Hex2Cer 18:1;O2/16:0","Hex2Cer 18:1;O2/16:0","C46H87NO13","861.6177","Sphingolipids","Glycosphingolipids","Hex2Cer","-","-","-","-","-","L1"
"Hex2Cer 42:2;O2|Hex2Cer 18:1;O2/24:1","Hex2Cer 18:1;O2/24:1","C54H101NO13","971.7273","Sphingolipids","Glycosphingolipids","Hex2Cer","-","-","-","-","-","L1"
"HexCer 40:1;O2","HexCer 40:1;O2","C46H89NO8","783.6588","Sphingolipids","Glycosphingolipids","HexCer","-","-","-","-","-","L1"
"LPC 14:0/0:0","LPC 14:0/0:0","C22H46NO7P","467.3012","Glycerophospholipids","Glycerophosphocholines","LPC","-","-","-","-","-","L1"
"LPC 15:0/0:0","LPC 15:0/0:0","C23H48NO7P","481.3168","Glycerophospholipids","Glycerophosphocholines","LPC","-","-","-","-","-","L1"
"LPC 16:0","LPC 16:0","C24H50NO7P","495.3325","Glycerophospholipids","Glycerophosphocholines","LPC","-","-","-","-","-","L1"
"LPC 16:0/0:0","LPC 16:0/0:0","C24H50NO7P","495.3325","Glycerophospholipids","Glycerophosphocholines","LPC","460602","72998","HMDB0010382","LMGP01050018","C04230","L1"
"LPC 16:1/0:0","LPC 16:1/0:0","C24H48NO7P","493.3168","Glycerophospholipids","Glycerophosphocholines","LPC","-","-","-","-","-","L1"
"LPC 17:0/0:0","LPC 17:0/0:0","C25H52NO7P","509.3481","Glycerophospholipids","Glycerophosphocholines","LPC","-","-","-","-","-","L1"
"LPC 17:1/0:0","LPC 17:1/0:0","C25H50NO7P","507.3325","Glycerophospholipids","Glycerophosphocholines","LPC","-","-","-","-","-","L1"
"LPC 18:0","LPC 18:0","C26H54NO7P","523.3638","Glycerophospholipids","Glycerophosphocholines","LPC","-","-","-","-","-","L1"
"LPC 18:0/0:0","LPC 18:0/0:0","C26H54NO7P","523.3638","Glycerophospholipids","Glycerophosphocholines","LPC","-","-","-","-","-","L1"
"LPC 18:1","LPC 18:1","C26H52NO7P","521.3481","Glycerophospholipids","Glycerophosphocholines","LPC","-","-","-","-","-","L1"
"LPC 18:1/0:0","LPC 18:1/0:0","C26H52NO7P","521.3481","Glycerophospholipids","Glycerophosphocholines","LPC","-","-","-","-","-","L1"
"LPC 18:2","LPC 18:2","C26H50NO7P","519.3325","Glycerophospholipids","Glycerophosphocholines","LPC","-","-","-","-","-","L1"
"LPC 18:2/0:0","LPC 18:2/0:0","C26H50NO7P","519.3325","Glycerophospholipids","Glycerophosphocholines","LPC","-","-","-","-","-","L1"
"LPC 18:3/0:0","LPC 18:3/0:0","C26H48NO7P","517.3168","Glycerophospholipids","Glycerophosphocholines","LPC","-","-","-","-","-","L1"
"LPC 20:1/0:0","LPC 20:1/0:0","C28H56NO7P","549.3794","Glycerophospholipids","Glycerophosphocholines","LPC","-","-","-","-","-","L1"
"LPC 20:3/0:0","LPC 20:3/0:0","C28H52NO7P","545.3481","Glycerophospholipids","Glycerophosphocholines","LPC","-","-","-","-","-","L1"
"LPC 20:4","LPC 20:4","C28H50NO7P","543.3325","Glycerophospholipids","Glycerophosphocholines","LPC","-","-","-","-","-","L1"
"LPC 20:4/0:0","LPC 20:4/0:0","C28H50NO7P","543.3325","Glycerophospholipids","Glycerophosphocholines","LPC","-","-","-","-","-","L1"
"LPC 20:5/0:0","LPC 20:5/0:0","C28H48NO7P","541.3168","Glycerophospholipids","Glycerophosphocholines","LPC","-","-","-","-","-","L1"
"LPC 22:4/0:0","LPC 22:4/0:0","C30H54NO7P","571.3638","Glycerophospholipids","Glycerophosphocholines","LPC","-","-","-","-","-","L1"
"LPC 22:5/0:0","LPC 22:5/0:0","C30H52NO7P","569.3481","Glycerophospholipids","Glycerophosphocholines","LPC","-","-","-","-","-","L1"
"LPC 22:6/0:0","LPC 22:6/0:0","C30H50NO7P","567.3325","Glycerophospholipids","Glycerophosphocholines","LPC","-","-","-","-","-","L1"
"LPC O-16:0","LPC O-16:0","C24H52NO6P","481.3532","Glycerophospholipids","Glycerophosphocholines","O-LPC","162126","64496","-","LMGP01060010","C04317","L1"
"LPC O-16:1","LPC O-16:1","C24H50NO6P","479.3376","Glycerophospholipids","Glycerophosphocholines","O-LPC","-","-","-","-","-","L1"
"LPE 16:0","LPE 16:0","C21H44NO7P","453.2855","Glycerophospholipids","Glycerophosphoethanolamines","LPE","-","-","-","-","-","L1"
"LPE 18:0","LPE 18:0","C23H48NO7P","481.3168","Glycerophospholipids","Glycerophosphoethanolamines","LPE","-","-","-","-","-","L1"
"LPE 18:1(d7)","LPE 18:1","C23H46NO7P","479.3012","Glycerophospholipids","Glycerophosphoethanolamines","LPE","-","-","-","-","-","L1"
"LPE 18:2","LPE 18:2","C23H44NO7P","477.2855","Glycerophospholipids","Glycerophosphoethanolamines","LPE","-","-","-","-","-","L1"
"LPE 20:4","LPE 20:4","C25H44NO7P","501.2855","Glycerophospholipids","Glycerophosphoethanolamines","LPE","-","-","-","-","-","L1"
"MMPE 40:8|MMPE 20:4_20:4","-","-","-","-","-","-","-","-","-","-","-","L1"
"NATau 24:6","-","-","-","-","-","-","-","-","-","-","-","L1"
"PC 30:0","PC 30:0","C38H76NO8P","705.5309","Glycerophospholipids","Glycerophosphocholines","PC","-","-","-","-","-","L1"
"PC 30:1","PC 30:1","C38H74NO8P","703.5152","Glycerophospholipids","Glycerophosphocholines","PC","-","-","-","-","-","L1"
"PC 31:0","PC 31:0","C39H78NO8P","719.5465","Glycerophospholipids","Glycerophosphocholines","PC","-","-","-","-","-","L1"
"PC 32:0","PC 32:0","C40H80NO8P","733.5622","Glycerophospholipids","Glycerophosphocholines","PC","-","-","-","-","-","L1"
"PC 32:0;O3|PC 16:0_16:0;O3","-","-","-","-","-","-","-","-","-","-","-","L1"
"PC 32:0|PC 16:0_16:0","PC 16:0/16:0","C40H80NO8P","733.5622","Glycerophospholipids","Glycerophosphocholines","PC","452110","72999","HMDB0000564","LMGP01010564","C00157","L1"
"PC 32:1","PC 32:1","C40H78NO8P","731.5465","Glycerophospholipids","Glycerophosphocholines","PC","-","-","-","-","-","L1"
"PC 32:1|PC 16:0_16:1","PC 16:0_16:1","C40H78NO8P","731.5465","Glycerophospholipids","Glycerophosphocholines","PC","-","-","-","-","-","L1"
"PC 32:2","PC 32:2","C40H76NO8P","729.5309","Glycerophospholipids","Glycerophosphocholines","PC","-","-","-","-","-","L1"
"PC 33:1","PC 33:1","C41H80NO8P","745.5622","Glycerophospholipids","Glycerophosphocholines","PC","-","-","-","-","-","L1"
"PC 33:1|PC 15:0_18:1","PC 15:0_18:1","C41H80NO8P","745.5622","Glycerophospholipids","Glycerophosphocholines","PC","-","-","-","-","-","L1"
"PC 33:2|PC 15:0_18:2","PC 15:0_18:2","C41H78NO8P","743.5465","Glycerophospholipids","Glycerophosphocholines","PC","-","-","-","-","-","L1"
"PC 34:0","PC 34:0","C42H84NO8P","761.5935","Glycerophospholipids","Glycerophosphocholines","PC","-","-","-","-","-","L1"
"PC 34:1","PC 34:1","C42H82NO8P","759.5778","Glycerophospholipids","Glycerophosphocholines","PC","-","-","-","-","-","L1"
"PC 34:1|PC 16:0_18:1","PC 16:0_18:1","C42H82NO8P","759.5778","Glycerophospholipids","Glycerophosphocholines","PC","-","-","-","-","-","L1"
"PC 34:2","PC 34:2","C42H80NO8P","757.5622","Glycerophospholipids","Glycerophosphocholines","PC","-","-","-","-","-","L1"
"PC 34:2|PC 16:0_18:2","PC 16:0_18:2","C42H80NO8P","757.5622","Glycerophospholipids","Glycerophosphocholines","PC","-","-","-","-","-","L1"
"PC 34:3","PC 34:3","C42H78NO8P","755.5465","Glycerophospholipids","Glycerophosphocholines","PC","-","-","-","-","-","L1"
"PC 34:3|PC 16:0_18:3","PC 16:0_18:3","C42H78NO8P","755.5465","Glycerophospholipids","Glycerophosphocholines","PC","-","-","-","-","-","L1"
"PC 34:3|PC 16:1_18:2","PC 16:1_18:2","C42H78NO8P","755.5465","Glycerophospholipids","Glycerophosphocholines","PC","-","-","-","-","-","L1"
"PC 34:4","PC 34:4","C42H76NO8P","753.5309","Glycerophospholipids","Glycerophosphocholines","PC","-","-","-","-","-","L1"
"PC 35:1","PC 35:1","C43H84NO8P","773.5935","Glycerophospholipids","Glycerophosphocholines","PC","-","-","-","-","-","L1"
"PC 35:1|PC 17:0_18:1","PC 17:0_18:1","C43H84NO8P","773.5935","Glycerophospholipids","Glycerophosphocholines","PC","-","-","-","-","-","L1"
"PC 35:2","PC 35:2","C43H82NO8P","771.5778","Glycerophospholipids","Glycerophosphocholines","PC","-","-","-","-","-","L1"
"PC 35:2|PC 17:0_18:2","PC 17:0_18:2","C43H82NO8P","771.5778","Glycerophospholipids","Glycerophosphocholines","PC","-","-","-","-","-","L1"
"PC 35:3","PC 35:3","C43H80NO8P","769.5622","Glycerophospholipids","Glycerophosphocholines","PC","-","-","-","-","-","L1"
"PC 35:4","PC 35:4","C43H78NO8P","767.5465","Glycerophospholipids","Glycerophosphocholines","PC","-","-","-","-","-","L1"
"PC 36:1","PC 36:1","C44H86NO8P","787.6091","Glycerophospholipids","Glycerophosphocholines","PC","-","-","-","-","-","L1"
"PC 36:1|PC 18:0_18:1","PC 18:0_18:1","C44H86NO8P","787.6091","Glycerophospholipids","Glycerophosphocholines","PC","-","-","-","-","-","L1"
"PC 36:2","PC 36:2","C44H84NO8P","785.5935","Glycerophospholipids","Glycerophosphocholines","PC","-","-","-","-","-","L1"
"PC 36:2;O|PC 18:0_18:2;O","PC 18:0_18:2;O","C44H84NO9P","801.5884","Glycerophospholipids","Glycerophosphocholines","PC","-","-","-","-","-","L1"
"PC 36:2|PC 18:0_18:2","PC 18:0_18:2","C44H84NO8P","785.5935","Glycerophospholipids","Glycerophosphocholines","PC","-","-","-","-","-","L1"
"PC 36:2|PC 18:1_18:1","PC 18:1/18:1","C44H84NO8P","785.5935","Glycerophospholipids","Glycerophosphocholines","PC","-","-","-","-","-","L1"
"PC 36:3","PC 36:3","C44H82NO8P","783.5778","Glycerophospholipids","Glycerophosphocholines","PC","-","-","-","-","-","L1"
"PC 36:3|PC 16:0_20:3","PC 16:0_20:3","C44H82NO8P","783.5778","Glycerophospholipids","Glycerophosphocholines","PC","-","-","-","-","-","L1"
"PC 36:4","PC 36:4","C44H80NO8P","781.5622","Glycerophospholipids","Glycerophosphocholines","PC","-","-","-","-","-","L1"
"PC 36:4|PC 16:0_20:4","PC 16:0_20:4","C44H80NO8P","781.5622","Glycerophospholipids","Glycerophosphocholines","PC","-","-","-","-","-","L1"
"PC 36:4|PC 18:2_18:2","PC 18:2/18:2","C44H80NO8P","781.5622","Glycerophospholipids","Glycerophosphocholines","PC","-","-","-","-","-","L1"
"PC 36:5","PC 36:5","C44H78NO8P","779.5465","Glycerophospholipids","Glycerophosphocholines","PC","-","-","-","-","-","L1"
"PC 36:5|PC 16:0_20:5","PC 16:0_20:5","C44H78NO8P","779.5465","Glycerophospholipids","Glycerophosphocholines","PC","-","-","-","-","-","L1"
"PC 36:6","PC 36:6","C44H76NO8P","777.5309","Glycerophospholipids","Glycerophosphocholines","PC","-","-","-","-","-","L1"
"PC 37:1","PC 37:1","C45H88NO8P","801.6248","Glycerophospholipids","Glycerophosphocholines","PC","-","-","-","-","-","L1"
"PC 37:2","PC 37:2","C45H86NO8P","799.6091","Glycerophospholipids","Glycerophosphocholines","PC","-","-","-","-","-","L1"
"PC 37:3","PC 37:3","C45H84NO8P","797.5935","Glycerophospholipids","Glycerophosphocholines","PC","-","-","-","-","-","L1"
"PC 37:4","PC 37:4","C45H82NO8P","795.5778","Glycerophospholipids","Glycerophosphocholines","PC","-","-","-","-","-","L1"
"PC 37:5","PC 37:5","C45H80NO8P","793.5622","Glycerophospholipids","Glycerophosphocholines","PC","-","-","-","-","-","L1"
"PC 37:6","PC 37:6","C45H78NO8P","791.5465","Glycerophospholipids","Glycerophosphocholines","PC","-","-","-","-","-","L1"
"PC 38:1","PC 38:1","C46H90NO8P","815.6404","Glycerophospholipids","Glycerophosphocholines","PC","-","-","-","-","-","L1"
"PC 38:2","PC 38:2","C46H88NO8P","813.6248","Glycerophospholipids","Glycerophosphocholines","PC","-","-","-","-","-","L1"
"PC 38:2|PC 18:0_20:2","PC 18:0_20:2","C46H88NO8P","813.6248","Glycerophospholipids","Glycerophosphocholines","PC","-","-","-","-","-","L1"
"PC 38:3","PC 38:3","C46H86NO8P","811.6091","Glycerophospholipids","Glycerophosphocholines","PC","-","-","-","-","-","L1"
"PC 38:3|PC 18:0_20:3","PC 18:0_20:3","C46H86NO8P","811.6091","Glycerophospholipids","Glycerophosphocholines","PC","-","-","-","-","-","L1"
"PC 38:4","PC 38:4","C46H84NO8P","809.5935","Glycerophospholipids","Glycerophosphocholines","PC","-","-","-","-","-","L1"
"PC 38:4|PC 16:0_22:4","PC 16:0_22:4","C46H84NO8P","809.5935","Glycerophospholipids","Glycerophosphocholines","PC","-","-","-","-","-","L1"
"PC 38:4|PC 18:0_20:4","PC 18:0_20:4","C46H84NO8P","809.5935","Glycerophospholipids","Glycerophosphocholines","PC","-","-","-","-","-","L1"
"PC 38:4|PC 18:1_20:3","PC 18:1_20:3","C46H84NO8P","809.5935","Glycerophospholipids","Glycerophosphocholines","PC","-","-","-","-","-","L1"
"PC 38:5","PC 38:5","C46H82NO8P","807.5778","Glycerophospholipids","Glycerophosphocholines","PC","-","-","-","-","-","L1"
"PC 38:5|PC 16:0_22:5","PC 16:0_22:5","C46H82NO8P","807.5778","Glycerophospholipids","Glycerophosphocholines","PC","-","-","-","-","-","L1"
"PC 38:5|PC 18:0_20:5","PC 18:0_20:5","C46H82NO8P","807.5778","Glycerophospholipids","Glycerophosphocholines","PC","-","-","-","-","-","L1"
"PC 38:6","PC 38:6","C46H80NO8P","805.5622","Glycerophospholipids","Glycerophosphocholines","PC","-","-","-","-","-","L1"
"PC 38:6|PC 16:0_22:6","PC 16:0_22:6","C46H80NO8P","805.5622","Glycerophospholipids","Glycerophosphocholines","PC","-","-","-","-","-","L1"
"PC 38:6|PC 18:2_20:4","PC 18:2_20:4","C46H80NO8P","805.5622","Glycerophospholipids","Glycerophosphocholines","PC","-","-","-","-","-","L1"
"PC 38:7","PC 38:7","C46H78NO8P","803.5465","Glycerophospholipids","Glycerophosphocholines","PC","-","-","-","-","-","L1"
"PC 39:4","PC 39:4","C47H86NO8P","823.6091","Glycerophospholipids","Glycerophosphocholines","PC","-","-","-","-","-","L1"
"PC 39:5","PC 39:5","C47H84NO8P","821.5935","Glycerophospholipids","Glycerophosphocholines","PC","-","-","-","-","-","L1"
"PC 39:6","PC 39:6","C47H82NO8P","819.5778","Glycerophospholipids","Glycerophosphocholines","PC","-","-","-","-","-","L1"
"PC 40:4","PC 40:4","C48H88NO8P","837.6248","Glycerophospholipids","Glycerophosphocholines","PC","-","-","-","-","-","L1"
"PC 40:4|PC 18:0_22:4","PC 18:0_22:4","C48H88NO8P","837.6248","Glycerophospholipids","Glycerophosphocholines","PC","-","-","-","-","-","L1"
"PC 40:5","PC 40:5","C48H86NO8P","835.6091","Glycerophospholipids","Glycerophosphocholines","PC","-","-","-","-","-","L1"
"PC 40:5|PC 18:0_22:5","PC 18:0_22:5","C48H86NO8P","835.6091","Glycerophospholipids","Glycerophosphocholines","PC","-","-","-","-","-","L1"
"PC 40:6","PC 40:6","C48H84NO8P","833.5935","Glycerophospholipids","Glycerophosphocholines","PC","-","-","-","-","-","L1"
"PC 40:6|PC 18:0_22:6","PC 18:0_22:6","C48H84NO8P","833.5935","Glycerophospholipids","Glycerophosphocholines","PC","-","-","-","-","-","L1"
"PC 40:7","PC 40:7","C48H82NO8P","831.5778","Glycerophospholipids","Glycerophosphocholines","PC","-","-","-","-","-","L1"
"PC 40:8","PC 40:8","C48H80NO8P","829.5622","Glycerophospholipids","Glycerophosphocholines","PC","-","-","-","-","-","L1"
"PC O-32:0","PC O-32:0","C40H82NO7P","719.5829","Glycerophospholipids","Glycerophosphocholines","O-PC","-","-","-","-","-","L1"
"PC O-32:1","PC O-32:1","C40H80NO7P","717.5672","Glycerophospholipids","Glycerophosphocholines","O-PC","-","-","-","-","-","L1"
"PC O-33:1","PC O-33:1","C41H82NO7P","731.5829","Glycerophospholipids","Glycerophosphocholines","O-PC","-","-","-","-","-","L1"
"PC O-34:1","PC O-34:1","C42H84NO7P","745.5985","Glycerophospholipids","Glycerophosphocholines","O-PC","-","-","-","-","-","L1"
"PC O-34:2","PC O-34:2","C42H82NO7P","743.5829","Glycerophospholipids","Glycerophosphocholines","O-PC","-","-","-","-","-","L1"
"PC O-34:2|PC O-16:0_18:2","PC O-16:0/18:2","C42H82NO7P","743.5829","Glycerophospholipids","Glycerophosphocholines","O-PC","-","-","-","-","-","L1"
"PC O-34:2|PC O-16:1_18:1","PC O-16:1/18:1","C42H82NO7P","743.5829","Glycerophospholipids","Glycerophosphocholines","O-PC","-","-","-","-","-","L1"
"PC O-34:3|PC O-16:1_18:2","PC O-16:1/18:2","C42H80NO7P","741.5672","Glycerophospholipids","Glycerophosphocholines","O-PC","-","-","-","-","-","L1"
"PC O-35:1","PC O-35:1","C43H86NO7P","759.6142","Glycerophospholipids","Glycerophosphocholines","O-PC","-","-","-","-","-","L1"
"PC O-36:2","PC O-36:2","C44H86NO7P","771.6142","Glycerophospholipids","Glycerophosphocholines","O-PC","-","-","-","-","-","L1"
"PC O-36:3","PC O-36:3","C44H84NO7P","769.5985","Glycerophospholipids","Glycerophosphocholines","O-PC","-","-","-","-","-","L1"
"PC O-36:4","PC O-36:4","C44H82NO7P","767.5829","Glycerophospholipids","Glycerophosphocholines","O-PC","-","-","-","-","-","L1"
"PC O-36:4|PC O-16:0_20:4","PC O-16:0/20:4","C44H82NO7P","767.5829","Glycerophospholipids","Glycerophosphocholines","O-PC","-","-","-","-","-","L1"
"PC O-36:5|PC O-16:1_20:4","PC O-16:1/20:4","C44H80NO7P","765.5672","Glycerophospholipids","Glycerophosphocholines","O-PC","-","-","-","-","-","L1"
"PC O-36:7","PC O-36:7","C44H76NO7P","761.5359","Glycerophospholipids","Glycerophosphocholines","O-PC","-","-","-","-","-","L1"
"PC O-37:1","PC O-37:1","C45H90NO7P","787.6455","Glycerophospholipids","Glycerophosphocholines","O-PC","-","-","-","-","-","L1"
"PC O-37:10","PC O-37:10","C45H72NO7P","769.5046","Glycerophospholipids","Glycerophosphocholines","O-PC","-","-","-","-","-","L1"
"PC O-37:7","PC O-37:7","C45H78NO7P","775.5516","Glycerophospholipids","Glycerophosphocholines","O-PC","-","-","-","-","-","L1"
"PC O-37:7|PC O-16:4_21:3","-","-","-","-","-","-","-","-","-","-","-","L1"
"PC O-38:4|PC O-18:0_20:4","PC O-18:0/20:4","C46H86NO7P","795.6142","Glycerophospholipids","Glycerophosphocholines","O-PC","-","-","-","-","-","L1"
"PC O-38:5","PC O-38:5","C46H84NO7P","793.5985","Glycerophospholipids","Glycerophosphocholines","O-PC","-","-","-","-","-","L1"
"PC O-38:5|PC O-14:1_24:4","PC O-14:1/24:4","C46H84NO7P","793.5985","Glycerophospholipids","Glycerophosphocholines","O-PC","-","-","-","-","-","L1"
"PC O-38:5|PC O-18:1_20:4","PC O-18:1/20:4","C46H84NO7P","793.5985","Glycerophospholipids","Glycerophosphocholines","O-PC","-","-","-","-","-","L1"
"PC O-38:6","PC O-38:6","C46H82NO7P","791.5829","Glycerophospholipids","Glycerophosphocholines","O-PC","-","-","-","-","-","L1"
"PC O-38:6|PC O-18:2_20:4","PC O-18:2/20:4","C46H82NO7P","791.5829","Glycerophospholipids","Glycerophosphocholines","O-PC","-","-","-","-","-","L1"
"PC O-38:7","PC O-38:7","C46H80NO7P","789.5672","Glycerophospholipids","Glycerophosphocholines","O-PC","-","-","-","-","-","L1"
"PC O-40:4","PC O-40:4","C48H90NO7P","823.6455","Glycerophospholipids","Glycerophosphocholines","O-PC","-","-","-","-","-","L1"
"PC O-40:5","PC O-40:5","C48H88NO7P","821.6298","Glycerophospholipids","Glycerophosphocholines","O-PC","-","-","-","-","-","L1"
"PC O-40:6","PC O-40:6","C48H86NO7P","819.6142","Glycerophospholipids","Glycerophosphocholines","O-PC","-","-","-","-","-","L1"
"PC O-40:6|PC O-16:3_24:3","-","-","-","-","-","-","-","-","-","-","-","L1"
"PC O-40:7","PC O-40:7","C48H84NO7P","817.5985","Glycerophospholipids","Glycerophosphocholines","O-PC","-","-","-","-","-","L1"
"PC O-40:8","PC O-40:8","C48H82NO7P","815.5829","Glycerophospholipids","Glycerophosphocholines","O-PC","-","-","-","-","-","L1"
"PC O-42:5","PC O-42:5","C50H92NO7P","849.6611","Glycerophospholipids","Glycerophosphocholines","O-PC","-","-","-","-","-","L1"
"PE 34:1|PE 16:0_18:1","PE 16:0_18:1","C39H76NO8P","717.5309","Glycerophospholipids","Glycerophosphoethanolamines","PE","-","-","-","-","-","L1"
"PE 34:2|PE 16:0_18:2","PE 16:0_18:2","C39H74NO8P","715.5152","Glycerophospholipids","Glycerophosphoethanolamines","PE","-","-","-","-","-","L1"
"PE 36:1|PE 18:0_18:1","PE 18:0_18:1","C41H80NO8P","745.5622","Glycerophospholipids","Glycerophosphoethanolamines","PE","-","-","-","-","-","L1"
"PE 36:2;O2|PE 18:2_18:0;O2","-","-","-","-","-","-","-","-","-","-","-","L1"
"PE 36:2|PE 18:0_18:2","PE 18:0_18:2","C41H78NO8P","743.5465","Glycerophospholipids","Glycerophosphoethanolamines","PE","-","-","-","-","-","L1"
"PE 36:3|PE 18:1_18:2","PE 18:1_18:2","C41H76NO8P","741.5309","Glycerophospholipids","Glycerophosphoethanolamines","PE","-","-","-","-","-","L1"
"PE 36:4","PE 36:4","C41H74NO8P","739.5152","Glycerophospholipids","Glycerophosphoethanolamines","PE","-","-","-","-","-","L1"
"PE 36:4|PE 18:2_18:2","PE 18:2/18:2","C41H74NO8P","739.5152","Glycerophospholipids","Glycerophosphoethanolamines","PE","-","-","-","-","-","L1"
"PE 38:4","PE 38:4","C43H78NO8P","767.5465","Glycerophospholipids","Glycerophosphoethanolamines","PE","-","-","-","-","-","L1"
"PE 38:4|PE 18:0_20:4","PE 18:0_20:4","C43H78NO8P","767.5465","Glycerophospholipids","Glycerophosphoethanolamines","PE","-","-","-","-","-","L1"
"PE 38:6","PE 38:6","C43H74NO8P","763.5152","Glycerophospholipids","Glycerophosphoethanolamines","PE","-","-","-","-","-","L1"
"PE 40:5","PE 40:5","C45H80NO8P","793.5622","Glycerophospholipids","Glycerophosphoethanolamines","PE","-","-","-","-","-","L1"
"PE 40:6","PE 40:6","C45H78NO8P","791.5465","Glycerophospholipids","Glycerophosphoethanolamines","PE","-","-","-","-","-","L1"
"PE 40:6|PE 20:3_20:3","PE 20:3/20:3","C45H78NO8P","791.5465","Glycerophospholipids","Glycerophosphoethanolamines","PE","-","-","-","-","-","L1"
"PE 40:7","PE 40:7","C45H76NO8P","789.5309","Glycerophospholipids","Glycerophosphoethanolamines","PE","-","-","-","-","-","L1"
"PE O-35:4|PE O-21:3_14:1","-","-","-","-","-","-","-","-","-","-","-","L1"
"PE O-36:4|PE O-18:2_18:2","PE O-18:2/18:2","C41H76NO7P","725.5359","Glycerophospholipids","Glycerophosphoethanolamines","O-PE","-","-","-","-","-","L1"
"PE O-37:4|PE O-21:3_16:1","-","-","-","-","-","-","-","-","-","-","-","L1"
"PE O-38:5|PE O-18:1_20:4","PE O-18:1/20:4","C43H78NO7P","751.5516","Glycerophospholipids","Glycerophosphoethanolamines","O-PE","-","-","-","-","-","L1"
"PE O-39:4|PE O-21:3_18:1","-","-","-","-","-","-","-","-","-","-","-","L1"
"PE O-40:9","PE O-40:9","C45H74NO7P","771.5203","Glycerophospholipids","Glycerophosphoethanolamines","O-PE","-","-","-","-","-","L1"
"PE O-41:6|PE O-21:3_20:3","-","-","-","-","-","-","-","-","-","-","-","L1"
"PE O-43:7|PE O-21:3_22:4","-","-","-","-","-","-","-","-","-","-","-","L1"
"PE P-34:1|PE P-16:0_18:1","PE P-16:0/18:1","C39H76NO7P","701.5359","Glycerophospholipids","Glycerophosphoethanolamines","O-PE","-","-","-","-","-","L1"
"PE P-34:2|PE P-16:0_18:2","PE P-16:0/18:2","C39H74NO7P","699.5203","Glycerophospholipids","Glycerophosphoethanolamines","O-PE","-","-","-","-","-","L1"
"PE P-36:1|PE P-18:0_18:1","PE P-18:0/18:1","C41H80NO7P","729.5672","Glycerophospholipids","Glycerophosphoethanolamines","O-PE","-","-","-","-","-","L1"
"PE P-36:2|PE P-18:1_18:1","PE P-18:1/18:1","C41H78NO7P","727.5516","Glycerophospholipids","Glycerophosphoethanolamines","O-PE","-","-","-","-","-","L1"
"PE P-36:5|PE P-16:0_20:5","PE P-16:0/20:5","C41H72NO7P","721.5046","Glycerophospholipids","Glycerophosphoethanolamines","O-PE","-","-","-","-","-","L1"
"PE P-38:2|PE P-20:0_18:2","PE P-20:0/18:2","C43H82NO7P","755.5829","Glycerophospholipids","Glycerophosphoethanolamines","O-PE","-","-","-","-","-","L1"
"PE P-38:4|PE P-18:0_20:4","PE P-18:0/20:4","C43H78NO7P","751.5516","Glycerophospholipids","Glycerophosphoethanolamines","O-PE","-","-","-","-","-","L1"
"PE P-38:6|PE P-16:0_22:6","PE P-16:0/22:6","C43H74NO7P","747.5203","Glycerophospholipids","Glycerophosphoethanolamines","O-PE","-","-","-","-","-","L1"
"PE P-40:5|PE P-18:0_22:5","PE P-18:0/22:5","C45H80NO7P","777.5672","Glycerophospholipids","Glycerophosphoethanolamines","O-PE","-","-","-","-","-","L1"
"PE P-40:6|PE P-18:0_22:6","PE P-18:0/22:6","C45H78NO7P","775.5516","Glycerophospholipids","Glycerophosphoethanolamines","O-PE","-","-","-","-","-","L1"
"PE P-40:7|PE P-18:1_22:6","PE P-18:1/22:6","C45H76NO7P","773.5359","Glycerophospholipids","Glycerophosphoethanolamines","O-PE","-","-","-","-","-","L1"
"PEtOH 39:4","PEth 39:4","C44H79O8P","766.5513","Glycerophospholipids","Other Glycerophospholipids","PEth","-","-","-","-","-","L1"
"PG 20:3|PG 5:0_15:3","-","-","-","-","-","-","-","-","-","-","-","L1"
"PI 34:1","PI 34:1","C43H81O13P","836.5415","Glycerophospholipids","Glycerophosphoinositols","PI","-","-","-","-","-","L1"
"PI 34:1|PI 16:0_18:1","PI 16:0_18:1","C43H81O13P","836.5415","Glycerophospholipids","Glycerophosphoinositols","PI","-","-","-","-","-","L1"
"PI 34:2","PI 34:2","C43H79O13P","834.5258","Glycerophospholipids","Glycerophosphoinositols","PI","-","-","-","-","-","L1"
"PI 34:2|PI 16:0_18:2","PI 16:0_18:2","C43H79O13P","834.5258","Glycerophospholipids","Glycerophosphoinositols","PI","-","-","-","-","-","L1"
"PI 36:1","PI 36:1","C45H85O13P","864.5728","Glycerophospholipids","Glycerophosphoinositols","PI","-","-","-","-","-","L1"
"PI 36:1|PI 18:0_18:1","PI 18:0_18:1","C45H85O13P","864.5728","Glycerophospholipids","Glycerophosphoinositols","PI","-","-","-","-","-","L1"
"PI 36:2","PI 36:2","C45H83O13P","862.5571","Glycerophospholipids","Glycerophosphoinositols","PI","-","-","-","-","-","L1"
"PI 36:2|PI 18:0_18:2","PI 18:0_18:2","C45H83O13P","862.5571","Glycerophospholipids","Glycerophosphoinositols","PI","-","-","-","-","-","L1"
"PI 36:3|PI 16:0_20:3","PI 16:0_20:3","C45H81O13P","860.5415","Glycerophospholipids","Glycerophosphoinositols","PI","-","-","-","-","-","L1"
"PI 36:3|PI 18:1_18:2","PI 18:1_18:2","C45H81O13P","860.5415","Glycerophospholipids","Glycerophosphoinositols","PI","-","-","-","-","-","L1"
"PI 36:4","PI 36:4","C45H79O13P","858.5258","Glycerophospholipids","Glycerophosphoinositols","PI","-","-","-","-","-","L1"
"PI 36:4|PI 16:0_20:4","PI 16:0_20:4","C45H79O13P","858.5258","Glycerophospholipids","Glycerophosphoinositols","PI","-","-","-","-","-","L1"
"PI 38:2|PI 18:0_20:2","PI 18:0_20:2","C47H87O13P","890.5884","Glycerophospholipids","Glycerophosphoinositols","PI","-","-","-","-","-","L1"
"PI 38:3","PI 38:3","C47H85O13P","888.5728","Glycerophospholipids","Glycerophosphoinositols","PI","-","-","-","-","-","L1"
"PI 38:3|PI 18:0_20:3","PI 18:0_20:3","C47H85O13P","888.5728","Glycerophospholipids","Glycerophosphoinositols","PI","-","-","-","-","-","L1"
"PI 38:4","PI 38:4","C47H83O13P","886.5571","Glycerophospholipids","Glycerophosphoinositols","PI","-","-","-","-","-","L1"
"PI 38:4|PI 18:0_20:4","PI 18:0_20:4","C47H83O13P","886.5571","Glycerophospholipids","Glycerophosphoinositols","PI","-","-","-","-","-","L1"
"PI 38:5|PI 18:1_20:4","PI 18:1_20:4","C47H81O13P","884.5415","Glycerophospholipids","Glycerophosphoinositols","PI","-","-","-","-","-","L1"
"PI 40:5|PI 18:0_22:5","PI 18:0_22:5","C49H85O13P","912.5728","Glycerophospholipids","Glycerophosphoinositols","PI","-","-","-","-","-","L1"
"PI 40:6|PI 18:0_22:6","PI 18:0_22:6","C49H83O13P","910.5571","Glycerophospholipids","Glycerophosphoinositols","PI","-","-","-","-","-","L1"
"PS 40:6","PS 40:6","C46H78NO10P","835.5363","Glycerophospholipids","Glycerophosphoserines","PS","-","-","-","-","-","L1"
"SE 24:2;O4/21:0;O","-","-","-","-","-","-","-","-","-","-","-","L1"
"SE 28:1/18:2","-","-","-","-","-","-","-","-","-","-","-","L1"
"SE 28:2/18:2","-","-","-","-","-","-","-","-","-","-","-","L1"
"SE 29:1/18:2","-","-","-","-","-","-","-","-","-","-","-","L1"
"SM 32:0;O2","SM 32:0;O2","C37H77N2O6P","676.5519","Sphingolipids","Phosphosphingolipids","SM","-","-","-","-","-","L1"
"SM 32:1;O2","SM 32:1;O2","C37H75N2O6P","674.5363","Sphingolipids","Phosphosphingolipids","SM","-","-","-","-","-","L1"
"SM 32:1;O2|SM 16:1;O2/16:0","SM 16:1;O2/16:0","C37H75N2O6P","674.5363","Sphingolipids","Phosphosphingolipids","SM","52931133","133171","HMDB0240616","LMSP03010035","-","L1"
"SM 32:2;O2","SM 32:2;O2","C37H73N2O6P","672.5206","Sphingolipids","Phosphosphingolipids","SM","-","-","-","-","-","L1"
"SM 33:1;O2","SM 33:1;O2","C38H77N2O6P","688.5519","Sphingolipids","Phosphosphingolipids","SM","-","-","-","-","-","L1"
"SM 33:1;O2|SM 17:1;O2/16:0","SM 17:1;O2/16:0","C38H77N2O6P","688.5519","Sphingolipids","Phosphosphingolipids","SM","134765538","-","-","LMSP03019BKX","-","L1"
"SM 34:0;O2","SM 34:0;O2","C39H81N2O6P","704.5832","Sphingolipids","Phosphosphingolipids","SM","-","-","-","-","-","L1"
"SM 34:0;O3","SM 34:0;O3","C39H81N2O7P","720.5781","Sphingolipids","Phosphosphingolipids","SM","-","-","-","-","-","L1"
"SM 34:1;O2","SM 34:1;O2","C39H79N2O6P","702.5676","Sphingolipids","Phosphosphingolipids","SM","-","-","-","-","-","L1"
"SM 34:1;O2|SM 18:1;O2/16:0","SM 18:1;O2/16:0","C39H79N2O6P","702.5676","Sphingolipids","Phosphosphingolipids","SM","9939941","78646","HMDB0010169","LMSP03010003","-","L1"
"SM 34:1;O3","SM 34:1;O3","C39H79N2O7P","718.5625","Sphingolipids","Phosphosphingolipids","SM","-","-","-","-","-","L1"
"SM 34:2;O2","SM 34:2;O2","C39H77N2O6P","700.5519","Sphingolipids","Phosphosphingolipids","SM","-","-","-","-","-","L1"
"SM 34:2;O2|SM 18:1;O2/16:1","SM 18:1;O2/16:1","C39H77N2O6P","700.5519","Sphingolipids","Phosphosphingolipids","SM","-","-","-","-","-","L1"
"SM 34:2;O2|SM 18:2;O2/16:0","SM 18:2;O2/16:0","C39H77N2O6P","700.5519","Sphingolipids","Phosphosphingolipids","SM","52931235","136280","HMDB0240638","LMSP03010090","-","L1"
"SM 35:1;O2","SM 35:1;O2","C40H81N2O6P","716.5832","Sphingolipids","Phosphosphingolipids","SM","-","-","-","-","-","L1"
"SM 35:1;O2|SM 21:0;O2/14:1","SM 21:0;O2/14:1","C40H81N2O6P","716.5832","Sphingolipids","Phosphosphingolipids","SM","-","-","-","-","-","L1"
"SM 35:2;O2","SM 35:2;O2","C40H79N2O6P","714.5676","Sphingolipids","Phosphosphingolipids","SM","-","-","-","-","-","L1"
"SM 36:0;O2","SM 36:0;O2","C41H85N2O6P","732.6145","Sphingolipids","Phosphosphingolipids","SM","-","-","-","-","-","L1"
"SM 36:1;O2","SM 36:1;O2","C41H83N2O6P","730.5989","Sphingolipids","Phosphosphingolipids","SM","-","-","-","-","-","L1"
"SM 36:1;O2|SM 15:1;O2/21:0","SM 15:1;O2/21:0","C41H83N2O6P","730.5989","Sphingolipids","Phosphosphingolipids","SM","134763917","-","-","LMSP03019ATF","-","L1"
"SM 36:1;O2|SM 18:1;O2/18:0","SM 18:1;O2/18:0","C41H83N2O6P","730.5989","Sphingolipids","Phosphosphingolipids","SM","6453725","83358","HMDB0001348","LMSP03010001","C00550","L1"
"SM 36:1;O2|SM 23:0;O2/13:1","-","-","-","-","-","-","-","-","-","-","-","L1"
"SM 36:2;O2","SM 36:2;O2","C41H81N2O6P","728.5832","Sphingolipids","Phosphosphingolipids","SM","-","-","-","-","-","L1"
"SM 36:2;O2|SM 14:1;O2/22:1","SM 14:1;O2/22:1","C41H81N2O6P","728.5832","Sphingolipids","Phosphosphingolipids","SM","-","-","-","-","-","L1"
"SM 36:2;O2|SM 18:1;O2/18:1","SM 18:1;O2/18:1","C41H81N2O6P","728.5832","Sphingolipids","Phosphosphingolipids","SM","-","-","-","-","-","L1"
"SM 36:3;O2|SM 18:0;O2/18:3","SM 18:0;O2/18:3","C41H79N2O6P","726.5676","Sphingolipids","Phosphosphingolipids","SM","-","-","-","-","-","L1"
"SM 36:5;O2","SM 36:5;O2","C41H75N2O6P","722.5363","Sphingolipids","Phosphosphingolipids","SM","-","-","-","-","-","L1"
"SM 37:2;O2","SM 37:2;O2","C42H83N2O6P","742.5989","Sphingolipids","Phosphosphingolipids","SM","-","-","-","-","-","L1"
"SM 37:6;O2","SM 37:6;O2","C42H75N2O6P","734.5363","Sphingolipids","Phosphosphingolipids","SM","-","-","-","-","-","L1"
"SM 38:1;O2","SM 38:1;O2","C43H87N2O6P","758.6302","Sphingolipids","Phosphosphingolipids","SM","-","-","-","-","-","L1"
"SM 38:2;O2","SM 38:2;O2","C43H85N2O6P","756.6145","Sphingolipids","Phosphosphingolipids","SM","-","-","-","-","-","L1"
"SM 39:1;O2","SM 39:1;O2","C44H89N2O6P","772.6458","Sphingolipids","Phosphosphingolipids","SM","-","-","-","-","-","L1"
"SM 39:1;O2|SM 21:0;O2/18:1","SM 21:0;O2/18:1","C44H89N2O6P","772.6458","Sphingolipids","Phosphosphingolipids","SM","-","-","-","-","-","L1"
"SM 39:3;O3","SM 39:3;O3","C44H85N2O7P","784.6094","Sphingolipids","Phosphosphingolipids","SM","-","-","-","-","-","L1"
"SM 40:1;O2","SM 40:1;O2","C45H91N2O6P","786.6615","Sphingolipids","Phosphosphingolipids","SM","-","-","-","-","-","L1"
"SM 40:1;O2|SM 18:1;O2/22:0","SM 18:1;O2/22:0","C45H91N2O6P","786.6615","Sphingolipids","Phosphosphingolipids","SM","44260125","74532","HMDB0012103","LMSP03010006","-","L1"
"SM 40:2;O2","SM 40:2;O2","C45H89N2O6P","784.6458","Sphingolipids","Phosphosphingolipids","SM","-","-","-","-","-","L1"
"SM 40:2;O2|SM 14:1;O2/26:1","SM 14:1;O2/26:1","C45H89N2O6P","784.6458","Sphingolipids","Phosphosphingolipids","SM","-","-","-","-","-","L1"
"SM 40:2;O2|SM 18:2;O2/22:0","SM 18:2;O2/22:0","C45H89N2O6P","784.6458","Sphingolipids","Phosphosphingolipids","SM","52931237","136388","HMDB0240633","LMSP03010092","-","L1"
"SM 40:2;O2|SM 22:2;O2/18:0","SM 22:2;O2/18:0","C45H89N2O6P","784.6458","Sphingolipids","Phosphosphingolipids","SM","-","-","-","-","-","L1"
"SM 40:2;O2|SM 29:2;O2/11:0","-","-","-","-","-","-","-","-","-","-","-","L1"
"SM 41:1;O2","SM 41:1;O2","C46H93N2O6P","800.6771","Sphingolipids","Phosphosphingolipids","SM","-","-","-","-","-","L1"
"SM 41:1;O2|SM 27:0;O2/14:1","-","-","-","-","-","-","-","-","-","-","-","L1"
"SM 41:2;O2","SM 41:2;O2","C46H91N2O6P","798.6615","Sphingolipids","Phosphosphingolipids","SM","-","-","-","-","-","L1"
"SM 41:2;O2|SM 17:0;O2/24:2","SM 17:0;O2/24:2","C46H91N2O6P","798.6615","Sphingolipids","Phosphosphingolipids","SM","-","-","-","-","-","L1"
"SM 41:3;O2","SM 41:3;O2","C46H89N2O6P","796.6458","Sphingolipids","Phosphosphingolipids","SM","-","-","-","-","-","L1"
"SM 41:4;O3","-","-","-","-","-","-","-","-","-","-","-","L1"
"SM 41:6;O2","SM 41:6;O2","C46H83N2O6P","790.5989","Sphingolipids","Phosphosphingolipids","SM","-","-","-","-","-","L1"
"SM 41:7;O2","SM 41:7;O2","C46H81N2O6P","788.5832","Sphingolipids","Phosphosphingolipids","SM","-","-","-","-","-","L1"
"SM 42:2;O2","SM 42:2;O2","C47H93N2O6P","812.6771","Sphingolipids","Phosphosphingolipids","SM","-","-","-","-","-","L1"
"SM 42:2;O2|SM 18:1;O2/24:1","SM 18:1;O2/24:1","C47H93N2O6P","812.6771","Sphingolipids","Phosphosphingolipids","SM","-","-","-","-","-","L1"
"SM 42:3;O2","SM 42:3;O2","C47H91N2O6P","810.6615","Sphingolipids","Phosphosphingolipids","SM","-","-","-","-","-","L1"
"SM 42:3;O2|SM 23:1;O2/19:2","-","-","-","-","-","-","-","-","-","-","-","L1"
"SM 43:2;O2|SM 25:2;O2/18:0","SM 25:2;O2/18:0","C48H95N2O6P","826.6928","Sphingolipids","Phosphosphingolipids","SM","-","-","-","-","-","L1"
"SM 43:4;O2","SM 43:4;O2","C48H91N2O6P","822.6615","Sphingolipids","Phosphosphingolipids","SM","-","-","-","-","-","L1"
"ST 27:1;O","ST 27:1;O","C27H46O","386.3549","Sterol Lipids","Sterols(In silico)","Sterols(In silico)","-","-","-","-","-","L1"
"ST 27:1;O;S","ST 27:1;O;S","C27H46O4S","466.3117","Sterol Lipids","Sterol/Bile acid conjugates(In-silico)","Sulfate conjugates(In-silico)","-","-","-","-","-","L1"
"ST 27:2;O","ST 27:2;O","C27H44O","384.3392","Sterol Lipids","Sterols(In silico)","Sterols(In silico)","-","-","-","-","-","L1"
"ST 28:1;O","ST 28:1;O","C28H48O","400.3705","Sterol Lipids","Sterols(In silico)","Sterols(In silico)","-","-","-","-","-","L1"
"ST 29:1;O","ST 29:1;O","C29H50O","414.3862","Sterol Lipids","Sterols(In silico)","Sterols(In silico)","-","-","-","-","-","L1"
"TG 38:1|TG 10:0_12:0_16:1","TG 10:0_12:0_16:1","C41H76O6","664.5642","Glycerolipids","Triradylglycerols","TAG","-","-","-","-","-","L1"
"TG 40:0|TG 12:0_14:0_14:0","TG 12:0_14:0_14:0","C43H82O6","694.6111","Glycerolipids","Triradylglycerols","TAG","-","-","-","-","-","L1"
"TG 40:1|TG 10:0_12:0_18:1","TG 10:0_12:0_18:1","C43H80O6","692.5955","Glycerolipids","Triradylglycerols","TAG","-","-","-","-","-","L1"
"TG 41:0|TG 12:0_14:0_15:0","TG 12:0_14:0_15:0","C44H84O6","708.6268","Glycerolipids","Triradylglycerols","TAG","-","-","-","-","-","L1"
"TG 42:0|TG 12:0_14:0_16:0","TG 12:0_14:0_16:0","C45H86O6","722.6424","Glycerolipids","Triradylglycerols","TAG","-","-","-","-","-","L1"
"TG 42:1|TG 12:0_12:0_18:1","TG 12:0_12:0_18:1","C45H84O6","720.6268","Glycerolipids","Triradylglycerols","TAG","-","-","-","-","-","L1"
"TG 44:0|TG 14:0_14:0_16:0","TG 14:0_14:0_16:0","C47H90O6","750.6737","Glycerolipids","Triradylglycerols","TAG","-","-","-","-","-","L1"
"TG 44:1|TG 12:0_14:0_18:1","TG 12:0_14:0_18:1","C47H88O6","748.6581","Glycerolipids","Triradylglycerols","TAG","-","-","-","-","-","L1"
"TG 44:2|TG 12:0_14:1_18:1","TG 12:0_14:1_18:1","C47H86O6","746.6424","Glycerolipids","Triradylglycerols","TAG","-","-","-","-","-","L1"
"TG 45:0|TG 14:0_15:0_16:0","TG 14:0_15:0_16:0","C48H92O6","764.6894","Glycerolipids","Triradylglycerols","TAG","-","-","-","-","-","L1"
"TG 46:0|TG 14:0_16:0_16:0","TG 14:0_16:0_16:0","C49H94O6","778.705","Glycerolipids","Triradylglycerols","TAG","-","-","-","-","-","L1"
"TG 46:1|TG 14:0_16:0_16:1","TG 14:0_16:0_16:1","C49H92O6","776.6894","Glycerolipids","Triradylglycerols","TAG","-","-","-","-","-","L1"
"TG 46:2|TG 12:0_16:0_18:2","TG 12:0_16:0_18:2","C49H90O6","774.6737","Glycerolipids","Triradylglycerols","TAG","-","-","-","-","-","L1"
"TG 46:3|TG 10:0_18:1_18:2","TG 10:0_18:1_18:2","C49H88O6","772.6581","Glycerolipids","Triradylglycerols","TAG","-","-","-","-","-","L1"
"TG 47:0|TG 15:0_16:0_16:0","TG 15:0_16:0_16:0","C50H96O6","792.7207","Glycerolipids","Triradylglycerols","TAG","-","-","-","-","-","L1"
"TG 47:1|TG 14:0_15:0_18:1","TG 14:0_15:0_18:1","C50H94O6","790.705","Glycerolipids","Triradylglycerols","TAG","-","-","-","-","-","L1"
"TG 47:2|TG 14:0_15:0_18:2","TG 14:0_15:0_18:2","C50H92O6","788.6894","Glycerolipids","Triradylglycerols","TAG","-","-","-","-","-","L1"
"TG 48:0|TG 16:0_16:0_16:0","TG 16:0/16:0/16:0","C51H98O6","806.7363","Glycerolipids","Triradylglycerols","TAG","11147","77393","HMDB0005356","LMGL03010001","-","L1"
"TG 48:1|TG 14:0_16:0_18:1","TG 14:0_16:0_18:1","C51H96O6","804.7207","Glycerolipids","Triradylglycerols","TAG","-","-","-","-","-","L1"
"TG 48:2|TG 14:0_16:0_18:2","TG 14:0_16:0_18:2","C51H94O6","802.705","Glycerolipids","Triradylglycerols","TAG","-","-","-","-","-","L1"
"TG 48:2|TG 14:0_16:1_18:1","TG 14:0_16:1_18:1","C51H94O6","802.705","Glycerolipids","Triradylglycerols","TAG","-","-","-","-","-","L1"
"TG 48:3|TG 12:0_18:1_18:2","TG 12:0_18:1_18:2","C51H92O6","800.6894","Glycerolipids","Triradylglycerols","TAG","-","-","-","-","-","L1"
"TG 48:3|TG 14:0_16:0_18:3","TG 14:0_16:0_18:3","C51H92O6","800.6894","Glycerolipids","Triradylglycerols","TAG","-","-","-","-","-","L1"
"TG 49:0|TG 16:0_16:0_17:0","TG 16:0_16:0_17:0","C52H100O6","820.752","Glycerolipids","Triradylglycerols","TAG","-","-","-","-","-","L1"
"TG 49:1|TG 15:0_16:0_18:1","TG 15:0_16:0_18:1","C52H98O6","818.7363","Glycerolipids","Triradylglycerols","TAG","-","-","-","-","-","L1"
"TG 49:2|TG 15:0_16:0_18:2","TG 15:0_16:0_18:2","C52H96O6","816.7207","Glycerolipids","Triradylglycerols","TAG","-","-","-","-","-","L1"
"TG 49:3|TG 15:0_16:0_18:3","TG 15:0_16:0_18:3","C52H94O6","814.705","Glycerolipids","Triradylglycerols","TAG","-","-","-","-","-","L1"
"TG 50:0|TG 16:0_16:0_18:0","TG 16:0_16:0_18:0","C53H102O6","834.7676","Glycerolipids","Triradylglycerols","TAG","-","-","-","-","-","L1"
"TG 50:1|TG 16:0_16:0_18:1","TG 16:0_16:0_18:1","C53H100O6","832.752","Glycerolipids","Triradylglycerols","TAG","-","-","-","-","-","L1"
"TG 50:2|TG 16:0_16:0_18:2","TG 16:0_16:0_18:2","C53H98O6","830.7363","Glycerolipids","Triradylglycerols","TAG","-","-","-","-","-","L1"
"TG 50:2|TG 16:0_16:1_18:1","TG 16:0_16:1_18:1","C53H98O6","830.7363","Glycerolipids","Triradylglycerols","TAG","-","-","-","-","-","L1"
"TG 50:3|TG 16:0_16:1_18:2","TG 16:0_16:1_18:2","C53H96O6","828.7207","Glycerolipids","Triradylglycerols","TAG","-","-","-","-","-","L1"
"TG 50:3|TG 16:1_16:1_18:1","TG 16:1_16:1_18:1","C53H96O6","828.7207","Glycerolipids","Triradylglycerols","TAG","-","-","-","-","-","L1"
"TG 50:4|TG 14:0_16:0_20:4","TG 14:0_16:0_20:4","C53H94O6","826.705","Glycerolipids","Triradylglycerols","TAG","-","-","-","-","-","L1"
"TG 50:4|TG 14:0_18:2_18:2","TG 14:0_18:2_18:2","C53H94O6","826.705","Glycerolipids","Triradylglycerols","TAG","-","-","-","-","-","L1"
"TG 50:4|TG 16:1_16:1_18:2","TG 16:1_16:1_18:2","C53H94O6","826.705","Glycerolipids","Triradylglycerols","TAG","-","-","-","-","-","L1"
"TG 50:5|TG 14:1_18:2_18:2","TG 14:1_18:2_18:2","C53H92O6","824.6894","Glycerolipids","Triradylglycerols","TAG","-","-","-","-","-","L1"
"TG 51:0|TG 16:0_17:0_18:0","TG 16:0_17:0_18:0","C54H104O6","848.7833","Glycerolipids","Triradylglycerols","TAG","-","-","-","-","-","L1"
"TG 51:1|TG 16:0_17:0_18:1","TG 16:0_17:0_18:1","C54H102O6","846.7676","Glycerolipids","Triradylglycerols","TAG","-","-","-","-","-","L1"
"TG 51:2|TG 16:0_17:1_18:1","TG 16:0_17:1_18:1","C54H100O6","844.752","Glycerolipids","Triradylglycerols","TAG","-","-","-","-","-","L1"
"TG 51:3|TG 15:0_18:1_18:2","TG 15:0_18:1_18:2","C54H98O6","842.7363","Glycerolipids","Triradylglycerols","TAG","-","-","-","-","-","L1"
"TG 51:4|TG 15:0_18:2_18:2","TG 15:0_18:2_18:2","C54H96O6","840.7207","Glycerolipids","Triradylglycerols","TAG","-","-","-","-","-","L1"
"TG 51:5|TG 15:0_18:2_18:3","TG 15:0_18:2_18:3","C54H94O6","838.705","Glycerolipids","Triradylglycerols","TAG","-","-","-","-","-","L1"
"TG 52:0|TG 16:0_18:0_18:0","TG 16:0_18:0_18:0","C55H106O6","862.7989","Glycerolipids","Triradylglycerols","TAG","-","-","-","-","-","L1"
"TG 52:1|TG 16:0_18:0_18:1","TG 16:0_18:0_18:1","C55H104O6","860.7833","Glycerolipids","Triradylglycerols","TAG","-","-","-","-","-","L1"
"TG 52:2|TG 16:0_18:1_18:1","TG 16:0_18:1_18:1","C55H102O6","858.7676","Glycerolipids","Triradylglycerols","TAG","-","-","-","-","-","L1"
"TG 52:3|TG 16:0_18:1_18:2","TG 16:0_18:1_18:2","C55H100O6","856.752","Glycerolipids","Triradylglycerols","TAG","-","-","-","-","-","L1"
"TG 52:3|TG 16:1_18:1_18:1","TG 16:1_18:1_18:1","C55H100O6","856.752","Glycerolipids","Triradylglycerols","TAG","-","-","-","-","-","L1"
"TG 52:4|TG 16:0_16:0_20:4","TG 16:0_16:0_20:4","C55H98O6","854.7363","Glycerolipids","Triradylglycerols","TAG","-","-","-","-","-","L1"
"TG 52:4|TG 16:0_18:2_18:2","TG 16:0_18:2_18:2","C55H98O6","854.7363","Glycerolipids","Triradylglycerols","TAG","-","-","-","-","-","L1"
"TG 52:4|TG 16:1_18:1_18:2","TG 16:1_18:1_18:2","C55H98O6","854.7363","Glycerolipids","Triradylglycerols","TAG","-","-","-","-","-","L1"
"TG 52:5|TG 16:0_16:1_20:4","TG 16:0_16:1_20:4","C55H96O6","852.7207","Glycerolipids","Triradylglycerols","TAG","-","-","-","-","-","L1"
"TG 52:5|TG 16:0_18:2_18:3","TG 16:0_18:2_18:3","C55H96O6","852.7207","Glycerolipids","Triradylglycerols","TAG","-","-","-","-","-","L1"
"TG 52:6|TG 16:0_18:2_18:4","TG 16:0_18:2_18:4","C55H94O6","850.705","Glycerolipids","Triradylglycerols","TAG","-","-","-","-","-","L1"
"TG 52:7|TG 14:0_18:2_20:5","TG 14:0_18:2_20:5","C55H92O6","848.6894","Glycerolipids","Triradylglycerols","TAG","-","-","-","-","-","L1"
"TG 53:1;O2|TG 16:0_18:0_19:1;O2","-","-","-","-","-","-","-","-","-","-","-","L1"
"TG 53:1|TG 17:0_18:0_18:1","TG 17:0_18:0_18:1","C56H106O6","874.7989","Glycerolipids","Triradylglycerols","TAG","-","-","-","-","-","L1"
"TG 53:2|TG 17:0_18:1_18:1","TG 17:0_18:1_18:1","C56H104O6","872.7833","Glycerolipids","Triradylglycerols","TAG","-","-","-","-","-","L1"
"TG 53:3|TG 17:0_18:1_18:2","TG 17:0_18:1_18:2","C56H102O6","870.7676","Glycerolipids","Triradylglycerols","TAG","-","-","-","-","-","L1"
"TG 53:4|TG 17:1_18:1_18:2","TG 17:1_18:1_18:2","C56H100O6","868.752","Glycerolipids","Triradylglycerols","TAG","-","-","-","-","-","L1"
"TG 53:5|TG 17:0_18:2_18:3","TG 17:0_18:2_18:3","C56H98O6","866.7363","Glycerolipids","Triradylglycerols","TAG","-","-","-","-","-","L1"
"TG 53:6|TG 15:0_18:2_20:4","TG 15:0_18:2_20:4","C56H96O6","864.7207","Glycerolipids","Triradylglycerols","TAG","-","-","-","-","-","L1"
"TG 54:1|TG 18:0_18:0_18:1","TG 18:0_18:0_18:1","C57H108O6","888.8146","Glycerolipids","Triradylglycerols","TAG","-","-","-","-","-","L1"
"TG 54:2|TG 16:0_18:1_20:1","TG 16:0_18:1_20:1","C57H106O6","886.7989","Glycerolipids","Triradylglycerols","TAG","-","-","-","-","-","L1"
"TG 54:2|TG 18:0_18:1_18:1","TG 18:0_18:1_18:1","C57H106O6","886.7989","Glycerolipids","Triradylglycerols","TAG","-","-","-","-","-","L1"
"TG 54:3|TG 18:1_18:1_18:1","TG 18:1/18:1/18:1","C57H104O6","884.7833","Glycerolipids","Triradylglycerols","TAG","-","-","-","-","-","L1"
"TG 54:4|TG 18:1_18:1_18:2","TG 18:1_18:1_18:2","C57H102O6","882.7676","Glycerolipids","Triradylglycerols","TAG","-","-","-","-","-","L1"
"TG 54:5|TG 16:0_18:1_20:4","TG 16:0_18:1_20:4","C57H100O6","880.752","Glycerolipids","Triradylglycerols","TAG","-","-","-","-","-","L1"
"TG 54:5|TG 18:1_18:2_18:2","TG 18:1_18:2_18:2","C57H100O6","880.752","Glycerolipids","Triradylglycerols","TAG","-","-","-","-","-","L1"
"TG 54:6|TG 16:0_16:0_22:6","TG 16:0_16:0_22:6","C57H98O6","878.7363","Glycerolipids","Triradylglycerols","TAG","-","-","-","-","-","L1"
"TG 54:6|TG 16:0_16:1_22:5","TG 16:0_16:1_22:5","C57H98O6","878.7363","Glycerolipids","Triradylglycerols","TAG","-","-","-","-","-","L1"
"TG 54:6|TG 18:1_18:2_18:3","TG 18:1_18:2_18:3","C57H98O6","878.7363","Glycerolipids","Triradylglycerols","TAG","-","-","-","-","-","L1"
"TG 54:7|TG 16:0_16:1_22:6","TG 16:0_16:1_22:6","C57H96O6","876.7207","Glycerolipids","Triradylglycerols","TAG","-","-","-","-","-","L1"
"TG 54:7|TG 18:2_18:2_18:3","TG 18:2_18:2_18:3","C57H96O6","876.7207","Glycerolipids","Triradylglycerols","TAG","-","-","-","-","-","L1"
"TG 54:8|TG 18:2_18:3_18:3","TG 18:2_18:3_18:3","C57H94O6","874.705","Glycerolipids","Triradylglycerols","TAG","-","-","-","-","-","L1"
"TG 55:1|TG 16:0_21:0_18:1","TG 16:0_18:1_21:0","C58H110O6","902.8302","Glycerolipids","Triradylglycerols","TAG","-","-","-","-","-","L1"
"TG 55:2|TG 18:0_18:1_19:1","TG 18:0_18:1_19:1","C58H108O6","900.8146","Glycerolipids","Triradylglycerols","TAG","-","-","-","-","-","L1"
"TG 55:3|TG 18:1_18:1_19:1","TG 18:1_18:1_19:1","C58H106O6","898.7989","Glycerolipids","Triradylglycerols","TAG","-","-","-","-","-","L1"
"TG 55:5|TG 17:0_18:1_20:4","TG 17:0_18:1_20:4","C58H102O6","894.7676","Glycerolipids","Triradylglycerols","TAG","-","-","-","-","-","L1"
"TG 55:5|TG 17:0_18:2_20:3","TG 17:0_18:2_20:3","C58H102O6","894.7676","Glycerolipids","Triradylglycerols","TAG","-","-","-","-","-","L1"
"TG 55:6|TG 17:0_18:2_20:4","TG 17:0_18:2_20:4","C58H100O6","892.752","Glycerolipids","Triradylglycerols","TAG","-","-","-","-","-","L1"
"TG 55:7|TG 17:1_18:2_20:4","TG 17:1_18:2_20:4","C58H98O6","890.7363","Glycerolipids","Triradylglycerols","TAG","-","-","-","-","-","L1"
"TG 56:10|TG 18:3_18:3_20:4","TG 18:3_18:3_20:4","C59H94O6","898.705","Glycerolipids","Triradylglycerols","TAG","-","-","-","-","-","L1"
"TG 56:1|TG 16:0_22:0_18:1","TG 16:0_18:1_22:0","C59H112O6","916.8459","Glycerolipids","Triradylglycerols","TAG","-","-","-","-","-","L1"
"TG 56:2|TG 20:0_18:1_18:1","TG 18:1_18:1_20:0","C59H110O6","914.8302","Glycerolipids","Triradylglycerols","TAG","-","-","-","-","-","L1"
"TG 56:3|TG 18:1_18:1_20:1","TG 18:1_18:1_20:1","C59H108O6","912.8146","Glycerolipids","Triradylglycerols","TAG","-","-","-","-","-","L1"
"TG 56:4|TG 18:0_18:0_20:4","TG 18:0_18:0_20:4","C59H106O6","910.7989","Glycerolipids","Triradylglycerols","TAG","-","-","-","-","-","L1"
"TG 56:4|TG 18:0_18:1_20:3","TG 18:0_18:1_20:3","C59H106O6","910.7989","Glycerolipids","Triradylglycerols","TAG","-","-","-","-","-","L1"
"TG 56:5|TG 16:0_18:1_22:4","TG 16:0_18:1_22:4","C59H104O6","908.7833","Glycerolipids","Triradylglycerols","TAG","-","-","-","-","-","L1"
"TG 56:5|TG 18:0_18:1_20:4","TG 18:0_18:1_20:4","C59H104O6","908.7833","Glycerolipids","Triradylglycerols","TAG","-","-","-","-","-","L1"
"TG 56:6|TG 16:0_18:0_22:6","TG 16:0_18:0_22:6","C59H102O6","906.7676","Glycerolipids","Triradylglycerols","TAG","-","-","-","-","-","L1"
"TG 56:6|TG 16:0_18:1_22:5","TG 16:0_18:1_22:5","C59H102O6","906.7676","Glycerolipids","Triradylglycerols","TAG","-","-","-","-","-","L1"
"TG 56:6|TG 18:1_18:1_20:4","TG 18:1_18:1_20:4","C59H102O6","906.7676","Glycerolipids","Triradylglycerols","TAG","-","-","-","-","-","L1"
"TG 56:7|TG 16:0_18:1_22:6","TG 16:0_18:1_22:6","C59H100O6","904.752","Glycerolipids","Triradylglycerols","TAG","-","-","-","-","-","L1"
"TG 56:7|TG 16:1_18:1_22:5","TG 16:1_18:1_22:5","C59H100O6","904.752","Glycerolipids","Triradylglycerols","TAG","-","-","-","-","-","L1"
"TG 56:7|TG 18:1_18:2_20:4","TG 18:1_18:2_20:4","C59H100O6","904.752","Glycerolipids","Triradylglycerols","TAG","-","-","-","-","-","L1"
"TG 56:8|TG 16:0_18:2_22:6","TG 16:0_18:2_22:6","C59H98O6","902.7363","Glycerolipids","Triradylglycerols","TAG","-","-","-","-","-","L1"
"TG 56:8|TG 18:1_18:2_20:5","TG 18:1_18:2_20:5","C59H98O6","902.7363","Glycerolipids","Triradylglycerols","TAG","-","-","-","-","-","L1"
"TG 56:8|TG 18:2_18:2_20:4","TG 18:2_18:2_20:4","C59H98O6","902.7363","Glycerolipids","Triradylglycerols","TAG","-","-","-","-","-","L1"
"TG 56:9|TG 18:2_18:3_20:4","TG 18:2_18:3_20:4","C59H96O6","900.7207","Glycerolipids","Triradylglycerols","TAG","-","-","-","-","-","L1"
"TG 58:10|TG 18:1_20:4_20:5","TG 18:1_20:4_20:5","C61H98O6","926.7363","Glycerolipids","Triradylglycerols","TAG","-","-","-","-","-","L1"
"TG 58:11|TG 18:2_18:3_22:6","TG 18:2_18:3_22:6","C61H96O6","924.7207","Glycerolipids","Triradylglycerols","TAG","-","-","-","-","-","L1"
"TG 58:2|TG 22:0_18:1_18:1","TG 18:1_18:1_22:0","C61H114O6","942.8615","Glycerolipids","Triradylglycerols","TAG","-","-","-","-","-","L1"
"TG 58:3|TG 22:0_18:1_18:2","TG 18:1_18:2_22:0","C61H112O6","940.8459","Glycerolipids","Triradylglycerols","TAG","-","-","-","-","-","L1"
"TG 58:4|TG 18:1_22:1_18:2","TG 18:1_18:2_22:1","C61H110O6","938.8302","Glycerolipids","Triradylglycerols","TAG","-","-","-","-","-","L1"
"TG 58:4|TG 22:0_18:2_18:2","TG 18:2_18:2_22:0","C61H110O6","938.8302","Glycerolipids","Triradylglycerols","TAG","-","-","-","-","-","L1"
"TG 58:5|TG 18:0_18:1_22:4","TG 18:0_18:1_22:4","C61H108O6","936.8146","Glycerolipids","Triradylglycerols","TAG","-","-","-","-","-","L1"
"TG 58:6|TG 16:0_18:1_24:5","-","-","-","-","-","-","-","-","-","-","-","L1"
"TG 58:7|TG 18:1_18:1_22:5","TG 18:1_18:1_22:5","C61H104O6","932.7833","Glycerolipids","Triradylglycerols","TAG","-","-","-","-","-","L1"
"TG 58:7|TG 18:1_18:2_22:4","TG 18:1_18:2_22:4","C61H104O6","932.7833","Glycerolipids","Triradylglycerols","TAG","-","-","-","-","-","L1"
"TG 58:8|TG 18:1_18:2_22:5","TG 18:1_18:2_22:5","C61H102O6","930.7676","Glycerolipids","Triradylglycerols","TAG","-","-","-","-","-","L1"
"TG 58:9|TG 18:1_18:2_22:6","TG 18:1_18:2_22:6","C61H100O6","928.752","Glycerolipids","Triradylglycerols","TAG","-","-","-","-","-","L1"
"TG 60:10|TG 18:2_20:4_22:4","TG 18:2_20:4_22:4","C63H102O6","954.7676","Glycerolipids","Triradylglycerols","TAG","-","-","-","-","-","L1"
"TG 60:12|TG 20:4_20:4_20:4","TG 20:4/20:4/20:4","C63H98O6","950.7363","Glycerolipids","Triradylglycerols","TAG","-","-","-","-","-","L1"
"TG 60:3|TG 24:0_18:1_18:2","TG 18:1_18:2_24:0","C63H116O6","968.8772","Glycerolipids","Triradylglycerols","TAG","-","-","-","-","-","L1"
"TG 60:8|TG 18:1_18:1_24:6","TG 18:1_18:1_24:6","C63H106O6","958.7989","Glycerolipids","Triradylglycerols","TAG","-","-","-","-","-","L1"
"TG O-52:2|TG O-18:1_16:0_18:1","TG O-18:1_16:0_18:1","C55H104O5","844.7884","Glycerolipids","Triradylglycerols","O-TG","-","-","-","-","-","L1"
NA,NA,NA,NA,NA,NA,NA,NA,NA,NA,NA,NA,"L4"
